date,contracts,revenue,memo
2026-03-26,5,2452327,
2026-03-27,4,2083602,
2026-03-28,4,1758698,
2026-03-29,3,1253452,
2026-03-30,3,1403682,
2026-03-31,5,2106201,
2026-04-01,3,1316169,
2026-04-02,3,1379865,
2026-04-03,3,1549147,
2026-04-04,4,2206060,
2026-04-05,6,3295699,
2026-04-06,2,1008654,
2026-04-07,4,2152990,
2026-04-08,5,2487215,
2026-04-09,8,4050299,
2026-04-10,3,1619683,
2026-04-11,6,2781397,
2026-04-12,5,2243637,
2026-04-13,5,2631919,
2026-04-14,3,1570817,
2026-04-15,6,2485888,
2026-04-16,6,2614331,
2026-04-17,3,1633628,
2026-04-18,4,2182815,
2026-04-19,4,1636222,
2026-04-20,4,2018113,
2026-04-21,6,3195318,
2026-04-22,4,1691862,
2026-04-23,5,2545975,
2026-04-24,7,3637408,
2026-04-25,9,4889917,
2026-04-26,4,1720563,
2026-04-27,5,2278835,
2026-04-28,3,1247444,
2026-04-29,7,3418549,
2026-04-30,8,3526248,
2026-05-01,6,2783260,
2026-05-02,7,3292489,
2026-05-03,3,1514865,
2026-05-04,7,3502554,
2026-05-05,7,3618008,
2026-05-06,5,2544635,
2026-05-07,3,1624917,
2026-05-08,3,1563937,
2026-05-09,4,1681827,
2026-05-10,4,1884101,
2026-05-11,3,1509432,
2026-05-12,5,2424097,
2026-05-13,3,1392909,
2026-05-14,6,2919506,
2026-05-15,6,2572481,
2026-05-16,4,2158561,
2026-05-17,5,2565114,
2026-05-18,3,1634169,
2026-05-19,4,1951720,
2026-05-20,2,817449,
2026-05-21,4,1941400,
2026-05-22,4,1807502,
2026-05-23,7,3766775,
2026-05-24,4,1869689,
2026-05-25,5,2409038,
2026-05-26,3,1319380,
2026-05-27,5,2179915,
2026-05-28,2,1046302,
2026-05-29,6,3183599,
2026-05-30,7,3858268,
2026-05-31,3,1461455,
2026-06-01,3,1253101,
2026-06-02,2,1024970,
2026-06-03,4,1822570,
2026-06-04,2,1004776,
2026-06-05,2,994421,
2026-06-06,6,2722567,
2026-06-07,5,2483767,
2026-06-08,4,1968482,
2026-06-09,4,1841948,
2026-06-10,5,2348381,
2026-06-11,2,886898,
2026-06-12,3,1543601,
2026-06-13,4,2115903,
2026-06-14,2,1027096,
2026-06-15,7,3322551,
2026-06-16,4,1807952,
2026-06-17,4,1733244,
2026-06-18,5,2646091,
2026-06-19,4,1712641,
2026-06-20,4,1783623,
2026-06-21,5,2095053,
2026-06-22,2,821366,
2026-06-23,3,1237476,
