id,date,type,target,memo,before_img,after_img
77cccb869f,2026-06-22,OFF,"진단, 예약퍼널 광고 off",둘 다 광고 off,,
7007d3ae9c,2026-06-24,수정,랜딩C (진단퍼널),"색상 네이비/라임 -> 블랙/실버로 교체, CTA 상단으로 수정",,
5af3ef3f1a,2026-06-24,수정,랜딩 A (예약퍼널),"CTA 버튼 상단 수정, 히어로섹션 문구 (50%할인 추가 등) 수정, 예약 페이지 상품 이름 수정, 가격 50% 할인으로 수정",,
d1616a4ea3,2026-06-25,ON,진단 퍼널 광고 ON,"25~45세, 방이동 80km기준, 모든 남성에게 보임, 일 7만원 셋팅",,
6c97add830,2026-06-25,ON,예약퍼널 광고 ON,"28~45세, 서울, 경기도, 인천 수도권, 싱글 남성에게만 보임, 일 7만원 셋팅",,
19f725f8f6,2026-07-02,수정,예약 퍼널 - 예약 페이지,하단 플로팅 배너 카카오 문의 + 2만원에 예약하기 버튼 추가,,
5fa0c10984,2026-07-07,수정,진단 퍼널,"새 광고세트 추가, 기존 소재 5개 중 성과 안 좋은 3개 off, 기존 세트 일 4만원/신규 세트 일 3만원으로 비용 수정, 고객후기형 캐러셀 광고 2개 + 영상광고 1개 추가",,
b246a07f59,2026-07-07,수정,예약 퍼널,"새 광고세트 추가, 기존 소재 5개 중 성과 안 좋은 3개 off, 기존 세트 일 4만원/신규 세트 일 3만원으로 비용 수정, 고객후기형 캐러셀 광고 2개 + 영상광고 1개 추가",,
67ba98dc2d,2026-07-08,수정,예약 퍼널 - 예약 페이지,"플로팅 CTA 추가, 네이버 후기 보러가기 버튼 추가, 상품 및 할인율 50% -> 63%로 수정",,
cd9401e8af,2026-07-09,OFF,진단 퍼널,"광고세트 2개(Lead_20-40_seoul_capital 4만원, Lead_28-40_seoul_capital_NEW_2607 3만원) 전체 OFF, 퇴근 전 조치",,
08c5b5855a,2026-07-10,수정,예약퍼널,7/10 10:06 예산 인상 실행: 합계 7만원→15만원 ((sales)20-40_seoul_capital 4만원→8.5만원 / new_2607 세트 3만원→6.5만원).,,
8f71ab5ee1,2026-07-10,OFF,예약퍼널,"Meta가 두 세트를 자동 비활성 전환했고 자동 재활성화는 실패, 7/13 10:13까지 약 3일간 광고 중단",,
c980b71702,2026-07-13,ON,예약퍼널,"사용자가 직접 재활성화, 현재 둘 다 ACTIVE",,
7ca1b02ef6,2026-07-13,수정,메인 대시보드 수정,오가닉 퍼널 추가,,
a99fdc87a5,2026-07-14,수정,메인 대시보드,"카테고리 및 오가닉, 콘텐츠 등 드롭다운 추가",,
e030e938ec,2026-07-14,수정,예약퍼널,관심사 싱글 -> 관심사 삭제,,
da5c8e3534,2026-07-15,수정,예약퍼널,"새 세트 일예산 5만원, 기존세트 10만원으로 수정",,
13c1e09216,2026-07-16,ON,첫방문할인퍼널,"일 15만원, 랜딩 A/B 테스트 진행! 타입폼 인입 전환목표로 광고 운영 - 시크릿 예약 페이지 전환율 상승 목표",,
1a03b138fe,2026-07-16,OFF,예약퍼널,off,,
b4f1ceb44e,2026-07-20,수정,타입폼 메인 문구 변경,"첫 방문 50% 할인 이벤트 강조, 100명 안에 예약까지 해야 할인된다는 내용 안내로 문구 전체 변경",,
1b616d2c0b,2026-07-20,수정,첫방문할인퍼널 캠페인 변경,"판매 목적에서 -> 리드 수집 목적 캠페인으로 변환, 일 15만원 , 랜딩  a/b테스트 동일",,
d8823299ab,2026-07-22,ON,할인퍼널 '좋은분' 랜딩 교체,얼굴 히어로문구로 상세페이지화하여 오픈 진행 (오후 4시),,
835d5af28f,2026-07-27,신규,영상 광고 소재 추가,유민수님 비포애프터 영상 소재 추가,,
2995ead5ee,2026-07-27,수정,타입폼 엔딩 수정,타입폼 엔딩 수정 -> 쿠폰 있는 이미지로,images/history/2995ead5ee_before.jpg,images/history/2995ead5ee_after.jpg
1263217a8e,2026-07-27,수정,시크릿 랜딩 수정,쿠폰 이미지 추가 및 플랜 항목 수 수정,,images/history/1263217a8e_after.jpg
9247ef81f4,2026-07-28,수정,타입폼 송파 질문 수정,"송파 방문 가능하냐 -> 송파인데, 방문 계획을 알려달라",images/history/9247ef81f4_before.jpg,images/history/9247ef81f4_after.jpg
1902d2d424,2026-07-31,수정,문자 CRM 변경,1차 - 문자 2차부터 소율님 템플릿으로 보내는 방향으로 ,,
63d41e3165,2026-08-31,신규,구글 검색광고(SA) 시작,"SA_서비스_260828 게시 — 스타일링·이미지·코디 키워드(구문/일치), 일 5만, 랜딩 impact-me, 클릭수 최대화",,
d631d643c5,2026-09-01,수정,구글 SA 키워드 정리,"첫날 8.4만 중 7.6만이 확장검색 '옷 쇼핑'에 소진 → 확장검색·퍼스널컬러 삭제, 상황(소개팅·면접·결혼식)·지역 키워드 구문검색 추가",,
0451f03bf0,2026-09-01,신규,구글 DA 리마케팅 시작,"DA_리마케팅_260901 — GA4 명단 홈방문-미신청, 일 2만, 최적화 타겟팅 OFF, 기존고객 1,263명 Customer Match 제외",,
1cb2c568d5,2026-09-02,신규,구글 Demand Gen 프로스펙팅 시작,"DemandGen_프로스펙팅_260902 — 단일이미지·영상2(유민수·문지환)·후기 캐러셀, 일 8만, 클릭수 최대화",,
7e708e76e3,2026-09-03,수정,DG 랜딩 the-way로 교체,클릭베이트 비승인 원인=impact-me 랜딩(비포애프터 갤러리·선착순) → the-way 클린 랜딩(find-me.real-me.co.kr/the-way/)으로 URL 교체·재제출,,
c676693a63,2026-09-03,수정,the-way 예약하기 → 결제페이지 직행,"자체 예약 폼 삭제, CTA 8개 결제페이지(landing=the-way) 직행. 명단에 랜딩 the-way·유입 google 기록, 대시보드 집계에서 구글 결제 분리(non_ad kind=google)",,
ca8ef4fe85,2026-09-03,수정,GA4 Google 신호 ON,"구글 리마케팅 명단 0명 원인 = GA4 'Google 신호 데이터 수집' OFF → 켬. 이후 명단 검색·YouTube 2,000 채워짐(디스플레이는 9/7까지 0)",,
a34ed18b82,2026-09-07,OFF,DG 프로스펙팅 종료,"6일 44만 소진 → 랜딩 3,012 / 결제페이지 도달 1 / 전환 0. 참여율 10%·CPC 90원 = 저품질 클릭 판정(콜드 DG+클릭 입찰 구조 실패). 후기 캐러셀은 동일인물 연속카드로 클릭베이트 비승인",,
37777b185b,2026-09-07,ON,구글 DG 리마케팅 시작,"DG_리마케팅_260907 — 홈방문-미신청 2,000명(YouTube·Gmail), 일 4만, 클릭수 최대화, 최적화 타겟팅 OFF, 제외 기존고객·사질신청. 소재=승인된 단일이미지·영상2 + 리타겟 문구 광고",,
298208e76a,2026-09-07,수정,구글 SA 예산 증액,"일 5만 → 8만. 매일 예산 제한 소진 상태(8일 39.7만·타입폼 3건·CPA 13.2만). 구문/일치 유지, 확장검색은 30일 전환 15건 넘어 전환수 최대화 전환 뒤 별도 광고그룹 소액 테스트로 보류(대표 위임 판단)",,
81ef79daca,2026-09-07,수정,구글 DG/DA 전환 측정 추가,결제 페이지 begin_checkout(결제창 열기)을 GA4 주요 이벤트 지정 → Ads 보조 전환으로 가져오기(카테고리 '결제 시작' 고정). the-way 폼 삭제로 죽은 form_submit 대체,,
d3579317bc,2026-09-07,수정,the-way 히어로 문구 변경,'소개팅보단 디렉팅!' → '소개팅 전 디렉팅 먼저!' (h1 + meta description). 같이 배포: 구글 클릭(gclid) 리드는 명단 유입경로 'google'로 기록되게 패치,,
302b9352cd,2026-09-07,수정,할인퍼널 상세형 예산 인하,일 15만 → 10만. 8/24~9/6 증액 구간에서 지출 +34%인데 DB -12%로 한계수익이 마이너스여서 환원. 9/5 예정이던 20만 인상은 폐기.,,
554176a617,2026-09-07,수정,소재 테스트 세트 재편,"증거형(260902_주문내역 100만원) 중단 — 랜딩세션 232건에 신청버튼 6건(2.6%)으로 주력 경령님(10.7%)의 1/4, p<0.0001. 그 자리에 BA 자신감 투입(예약당 99,952원으로 유일하게 목표 안인데 주력 세트에서 지출 1.1%만 받고 있었음). 와이프·다이어트 후기 캐러셀 2종 신설. 테스트 4세트 전부 일 5만 → 3만, 판정은 DB(타입폼 완료) 기준.",,
e0d85f133a,2026-09-07,수정,스토리 랜딩 v1 구조로 전면 교체,"예약퍼널 v2가 4주 3건(예약당 526,388원)에 머물러, 7월에 주 4건·예약당 75,577원을 낸 v1(find-me 메인) 구조로 복제. 섹션 13→12개, 비포애프터 슬라이더 5→8장, 히어로 CTA를 슬라이더 아래로. 히어로 문구도 7/06주 당시 '스타일 하나 바꿨을 뿐인데, 직장에서—모임에서 반응이 달라졌습니다'로 환원. 7/14 커밋에서 히어로 교체와 파인딩 55,000→75,000원 인상이 동시에 나갔고 그 주부터 무너졌는데, 가격은 유지하고 히어로만 되돌림. 판정: 세션→예약페이지 도달률(직전 30.5%) 1주.",,
49a844a0d7,2026-09-07,OFF,예약퍼널 소재 4개 정리,"거울샷·주문내역·택배박스·박준형 중단. 일 5만원에 소재 10개가 돌아 소재당 4,322원/일(세션 5개/일)로 쪼개져 있었음. 정리 후 6개·8,333원/일. 누적 결과 0인 것들만 껐고 나머지는 랜딩 판정(9/14) 후 정리.",,
2421069e0e,2026-09-08,수정,구글 유입경로 채널 세분화,구글 유입이 명단에 전부 'google' 하나로 적혀 어디서 왔는지 몰랐음. 캠페인 이름 기준으로 검색·리마케팅·디맨드젠 세 갈래로 나눠 기록되게 바꿈.,,
315bf37c09,2026-09-08,수정,구글 전 캠페인 랜딩 the-way로 통일,구글 검색·디스플레이 광고 도착 페이지를 impact-me → the-way로 전부 변경. impact-me의 비포애프터·선착순 문구가 구글 정책에 걸릴 위험이 있어서.,,
5358593aa1,2026-09-09,신규,대시보드에 구글 광고 섹션 추가,대시보드 GA4 탭에 구글 광고 섹션 추가 — 광고비·클릭·유입·DB 카드와 검색·리마케팅·디맨드젠별 표. 광고비는 매일 아침 자동 갱신.,,
aaa2e47894,2026-09-09,신규,랜딩 퍼널 탭에 구글 광고 카드 추가,랜딩별 퍼널 화면에 구글 광고 카드 추가 — 광고비부터 결제금액까지 한 줄로 봄. 유입경로에서 '구글 광고'만 골라 보기도 가능.,,
509467f0e8,2026-09-09,OFF,감정형 설레는사람 2종 중단,"뒤돌아 36만원에 DB 3건(DB당 12만원), 정면 13만원에 DB 1건 — 목표 4만5천원의 세 배. 예약퍼널에서도 같은 2종이 결과 0이라 퍼널이 아니라 소재 문제.",,
e21c3dd94f,2026-09-09,OFF,예약퍼널(booking_v2) 종료,8/7 재점화 후 광고비 191만원에 예약 3건·매출 48만원(예약당 64만원). 매출 92%가 8/10 한 건이고 8/27 이후 구간은 63만원 써서 4만원.,,
f82c847ab0,2026-09-09,신규,AI디렉팅 3안 테스트 세트 신설,"8/11에 만들어두고 안 쓴 AI 이미지 3장 투입(니트 대보기·셔츠 보여주기·머리 만지기). 니트와 머리는 같은 모델이라 행동 차이만 비교되고, 셔츠는 다른 모델이라 인물 차이 비교 — 세트를 3개로 나눠 각각 판정.",,
da3d899ef8,2026-09-09,ON,BA 자신감 이미지 재개 (별도 세트),"8/14~9/1에 28만원으로 DB 14건(DB당 2만원)·예약 3건이던 최고 효율 소재인데 9/3 세트 통합 후 7일간 8천원만 받아 멈춰 있었음. 별도 세트 3만원으로 재개, 8월 실적은 이어받지 않고 0부터 판정.",,
0083446014,2026-09-09,수정,테스트 세트 예산·지면 정리,테스트 세트 예산 전부 일 3만원으로 통일(전체 40만 → 31만원). BA 영상 세트는 리워드 영상 클릭이 전체 클릭의 19%를 차지해 오디언스 네트워크 지면 제외.,,
f919320b6d,2026-09-09,수정,소재 게이트 조기 판정 강화,안 되는 소재 자동 중단 기준을 30만원 → 15만원으로 앞당김. DB가 1건이라도 있으면 30만원까지 안 걸려서 설레는사람 뒤돌아가 36만원까지 갔음 — 새 기준이면 9/4에 끊겨 20만원 절약.,,
82cec0137e,2026-09-09,수정,할인퍼널 예약 인원 집계 수정,유입경로가 정해둔 제외 목록에 없으면 무조건 할인퍼널로 세는 구조라 인플루언서·홈페이지 유입까지 섞여 있었음. 유입경로 분류를 정합성 체크도 보게 해서 예약 인원 51명 → 47명으로 수정.,,
319e95d4b2,2026-09-09,OFF,통합 세트 미검증 소재 3개 정리,"택배박스·거울샷·박준형 중단 — 7일간 셋이 합쳐 3,658원밖에 배분받지 못해 판정 자체가 안 되던 소재. 통합 세트는 경령님·AI코디 2개만 남김. 거울샷·택배박스(인물형)는 나중에 테스트 자리가 비면 별도 세트로 재시도 예정. 주문내역(증거형)은 이미 21만원 써서 DB 1건이라 재시도 대상 아님.",,
bb9b731531,2026-09-09,수정,AI디렉팅 3안 순차 테스트로 변경,"동시 3개 → 니트 하나만 먼저 돌림. 두 번째는 니트 결과를 보고 정함: 성공하면 같은 모델의 다른 행동인 머리, 실패하면 모델을 바꾸는 셔츠. 셔츠·머리 세트는 켜면 바로 재개되도록 대기 상태. 전체 일예산 31만 → 25만원.",,
6d7954b51d,2026-09-10,수정,the-way 예약하기 → 타입폼 전환,"구글 랜딩 the-way 자체 폼(이름·전화·플랜→즉시 예약금 결제) 접음: 9/8~9/10 SA+RMK 435세션·예약 클릭 30·폼 입력 시작 8명·제출 0. CTA 전부 impact-me와 같은 타입폼(NN0cEjOV)으로, utm_source=google_sa/google_rmk로 시트 구분. 구글 DB 기준=타입폼 제출로 복귀",,
aa6906a83c,2026-09-10,수정,구글 DG 리마케팅 예산 감액,"일 4만 → 2만. 9/7~10 클릭 448 중 실제 페이지 열람 100(22%), CTR 2.0%·CPC 337원이지만 열람당 1,500원, DB 0. 유튜브 인앱 오클릭 손실. 타입폼 전환 후 3일(~9/13) DB 0이면 OFF",,
4010154667,2026-09-11,OFF,구글 광고 전면 중단,"대표 결정: 구글 접고 Meta 집중. SA·DA·DG 리마케팅 일시중지(삭제 X). 최종 8/28~9/11: 135.9만 · 클릭 7,589 · DB 7(전부 검색, DB당 10.8만) · 결제 0. 검색 75.7만 / DG 프로스펙팅 44.0만(DB 0) / 리마케팅 16.2만(DB 0)",,
db8a445fc7,2026-09-14,OFF,BA 자신감 이미지·와이프 후기 캐러셀 중단,11:09 테스트 세트 2개 OFF. 판정 구간에서 예약 효율이 기준에 못 미침.,,
6365579919,2026-09-14,수정,메인 세트 예산 13만→15.5만,11:38 경령님 후기 캐러셀이 도는 메인 세트 증액.,,
87516c3746,2026-09-14,OFF,AI 코디 소재 사본 전부 중단,메인·얼굴·예약퍼널 세트에 남아 있던 AI 코디 사본을 11:52·19:02 전부 끔.,,
e48089688c,2026-09-14,수정,니트 AI디렉팅 예산 3만→4.5만,18:29. 니트 테스트 통과(예약당 3.6만원) 후 +50%.,,
9e470dffbb,2026-09-14,수정,회전 슬롯 소재 교체: 셔츠 → 머스타드 가디건,"셔츠 AI디렉팅 OFF, 같은 세트(일 3만)에 머스타드 가디건 AI디렉팅 19:01 ON.",,
dd6c06bdd2,2026-09-15,ON,양수홍님 후기 캐러셀 메인 세트 투입,카톡 프로필 훅 7장 서사형(순서 고정). 경령님 캐러셀과 같은 메인 세트. 롤백 기준: 9/16~18 지출 10만 넘고 DB 0.,,
14f9d5d73d,2026-09-16,수정,니트 예산 4.5만→5.4만,20% 안쪽으로 나눠 올리는 증액 1단계.,,
976fa4ee4a,2026-09-16,신규,"10월 예산안 확정 (월 1,178.5만)","메타 일 32.5만 · 네이버 브랜드 키워드 방어 · 체험단 140만. 네이버 브랜드검색은 연장 안 함. (10/1 월 1,700만으로 증액되며 폐기)",,
f6c7a74586,2026-09-17,수정,니트 예산 5.4만→6.4만,"증액 2단계. 이후 CBO 전환으로 증액 중단, 니트 테스트 세트는 9/18 0시 종료 예약.",,
d85d6fec8c,2026-09-17,신규,CBO 캠페인 2개 생성 (후기형·디렉팅 각 일 10만),CBO_후기형(경령님)·CBO_디렉팅(니트). 9/18 자정 시작 예약. 광고는 기존 게시물 재사용이라 좋아요·댓글이 이어짐.,,
8f024a3626,2026-09-17,신규,테스트 세트 2개 생성 ('일반인도 받으면 바뀌나요?'·'30년 동안 몰랐던…'),각 일 2.5만. 테스트 트랙 한도 일 8만 확정.,,
bc364edb53,2026-09-18,수정,CBO 전환 — 테스트(ABO)에서 이긴 소재만 앵글별 CBO로 승격,자정부터 새 구조. 기존 메인 세트는 PC 절전으로 예약작업이 밀려 09:54에 늦게 꺼짐(초과 지출 약 4.8만). 교훈: 정시 작업은 Meta 서버 쪽 시작·종료 시각으로.,,
638d5da0ac,2026-09-18,ON,양수홍님 캐러셀 CBO_후기형 승격,"사흘 소급 데이터로 DB당 40,603원(경령님 59,971원)으로 앞서 추가. 캠페인 예산 10만 그대로.",,
156cf5f10e,2026-09-18,신규,유통업 회사원 후기 캐러셀 제작 (대기),"캔바로 제작, 공개 문구·광고명에 고객 이름 안 씀.",,
70bdcb41a0,2026-09-21,수정,대시보드 CBO 캠페인 집계 누락 복구,새 CBO 2개가 퍼널 분류에 빠져 9/18~20 광고비 65만원·DB 16건이 대시보드에서 빠져 있었음. 할인퍼널로 등록. 캠페인 신설 시 같이 등록할 것.,,
3a045f8427,2026-09-21,수정,디렉팅 소재 2개 UTM 부착,광고 링크에 소재명이 빠져 DB에 광고 ID로 찍히던 문제. 같은 게시물로 새 크리에이티브를 만들어 교체(반응 유지).,,
74ff01177f,2026-09-22,ON,'일반인도 받으면 바뀌나요?'·머스타드 가디건 CBO_디렉팅 승격,"첫 테스트→CBO 승격. '일반인도…' DB당 37,853원·CTR 3.75%. 머스타드는 사용자 결정으로 함께 승격. 테스트 원본 2세트 OFF.",,
66e96d0046,2026-09-22,ON,유통업 회사원 후기 캐러셀 테스트 투입,일 2.5만. 테스트 합계 일 5만.,,
7114de3357,2026-09-22,신규,소재 테스트 방식 확정,"주 10개 제작, 3개씩 사흘 순환, 판정은 7일. 새 계열 4개(별점 크게·결과물 증거·후기 캡처 캐러셀·유튜브 격자).",,
dcde875b98,2026-09-22,수정,소재 증거 숫자 정정,"자체 리뷰 1,300 · 네이버 294건 4.91(9/22 기준). '3,000명'은 소재에 쓰지 않고, 숫자는 월 1회 갱신.",,
116cd2b51d,2026-09-23,수정,인스타 프로필 링크 UTM 교체,인스타 오가닉 유입을 따로 세기 위해. 오가닉 상위 게시물만 광고로 올리는 루프 준비.,,
abcb71b1e4,2026-09-23,신규,별점 소재 '유튜브 몇 달 봤는데' 등록 (대기),새 계열 첫 소재. 꺼진 상태로 등록.,,
4af86cae1d,2026-09-29,수정,대시보드 Meta 광고 데이터 수집 복구,9/23~28 Meta가 90일치 한 번에 요청을 거절해 대시보드 광고 데이터가 멈춰 있었음. 30일씩 나눠 받도록 고쳐 복구.,,
410d9d1ff5,2026-09-29,OFF,니트 AI디렉팅·양수홍님 캐러셀 CBO에서 중단,"19:38. 9/18~29 예약당 니트 237,182원·양수홍 233,001원(중단 기준 20만 초과), 최근 7일 니트 예약 0. 각 CBO 예산 10만은 남은 소재로 몰림. 니트 테스트 원본 세트(9/18 종료)도 10:46 정리.",,
cc21d7d07e,2026-09-29,OFF,유통업 회사원 후기 캐러셀 중단,"19:49. 24만원·DB 3~4·예약 0, CTR 1.46%.",,
783111d8b2,2026-09-29,ON,별점 '유튜브 몇 달 봤는데' 투입,19:49 test_회전슬롯 일 3만.,,
c36267c774,2026-09-29,ON,네이버 플레이스 리뷰 릴스 테스트,"21:06. 리뷰 화면 녹화(리뷰어 가림)+자막+양수홍님 비포·애프터 엔드카드, 14초. 일 2.5만. 테스트 트랙 8만 꽉 참. (10/4 OFF)",,
91c1fa5d40,2026-09-29,신규,CBO 전환 전후 성과 본사 공유,"11일씩 비교: 예약당 178,172→152,587원(-14%), DB→예약 25.8→21.7%. 노션 아침 브리핑 아래 발행. (10/1 13일 창에서 결론이 뒤집힘)",,
c12c15eade,2026-09-29,신규,할인퍼널 vs the-way 랜딩 A/B 캠페인 2개 생성 (대기),"16:28 ABT_260929_할인퍼널·ABT_260929_theway. 소재('일반인도 받으면 바뀌나요?')·타겟 같고 도착지만 다름, 세트 각 일 3만, 꺼진 상태로 생성.",,
70b0e0e7c5,2026-10-01,신규,고객후기 캐러셀 개발자 생성 (대기),"13:54 test_후기형_개발자 세트 생성, 일 2.5만. 같은 날 니트 테스트 원본 예산 6.4만→3만으로 낮춰 재투입 대기.",,
ad5743ace3,2026-10-01,수정,"10월 메타 예산 월 1,700만(일 약 55만)으로 증액 확정","9/16 원안 1,178.5만 폐기. 조건은 예약당 13만 유지. CBO 2개 약 20만 + ABO 10세트 30만 구조.",,
489dc1a2f3,2026-10-02,ON,할인퍼널 vs the-way 랜딩 A/B 시작,"18:57 두 캠페인 ON, 세트 예산 각 3만→6만. 판정은 클릭→결제창 비율. the-way 세트는 10/4 17:48 먼저 OFF, 10/6 두 캠페인 종료.",,
ccd9b5240b,2026-10-02,ON,테스트 소재 3개 투입 (개발자 후기·제성호 한끗 대조·니트 원본),"18:57. 개발자 후기 캐러셀 일 3만(10/6 OFF), test_한끗대조_제성호 일 3만(생성 때 5만에서 조정, 세트 안 노무사 소재도 함께 등록), 니트 원본 일 3만 재투입. 리뷰 릴스 예산 2.5만→3만.",,
280f5e2c41,2026-10-02,OFF,30년얼굴체형 테스트 중단,18:57. 9/18~29 기준 29만원·DB 10·예약 1.,,
32f1079a0a,2026-10-04,OFF,후기형 플레이스리뷰릴스 중단,"9/29 ON → 10/4 17:43 광고·세트(test_후기형_리뷰릴스) 둘 다 PAUSED. 5일 누적 114,384원 · DB 1(DB당 114,384원, 상한 45,000의 2.5배) · 결제 0. 10/1~3 사흘은 78,417원에 DB 0. 같은 날 켜진 별점(216,675원 · DB 5)과 비교해도 가장 약해 사용자 판단으로 OFF.",,
6e996a6150,2026-10-04,수정,할인퍼널 DB 집계 누락 수정 (regen),"regen_csv_from_daily 가 Meta 결과수를 캠페인 이름 'Lead_'/'disc50' 규칙으로 걸러서, 9/18 CBO 전환 후 신설된 CBO_후기형·CBO_디렉팅·ABT_260929_할인퍼널 결과수가 discount_typeform.csv 에서 빠져 있었음(9/18~10/3 실제 121건 중 39건만 집계). config landing_buckets 의 discount-me 캠페인 목록을 읽도록 바꿔 날짜별 결과수와 전부 일치 확인. 영향 범위는 랜딩퍼널 카드 '타입폼 완료(시트)'와 상세형·얼굴 변형 분배이고, DB당 비용 등 result_count 기반 카드는 원래 정상.",,
582738553c,2026-10-06,OFF,할인퍼널 vs the-way 랜딩 A/B 종료,"16:47 ABT_260929_할인퍼널·ABT_260929_theway 두 캠페인 PAUSED. 나흘 결과 할인 18.6만원/DB 1, the-way 16.4만원/시트 DB 3(Meta OnePageSubmit 0 — 픽셀 매칭 확인 과제). 빈 예산은 ABO 테스트 10세트 체제로.",,
997f26c893,2026-10-06,OFF,고객후기 캐러셀 개발자 원본 OFF,17:54 test_후기형_개발자 세트·광고 PAUSED. 누적 10만원 초과에 시트 DB 0(3~4일 컷 게이트 미달). 훅 교체 ver2(test_v2_개발자_훅교체)로 대체.,,
6bf41c8b71,2026-10-06,신규,"ABO ver2 6세트 생성 (CTA 예약하기·훅 교체, PAUSED)","니트·별점·제성호·일반인도·30년얼굴체형은 CTA 더 알아보기→예약하기만 변경, 개발자는 본문 첫 문장 교체. 일예산 30,000씩, 타겟·귀속·TypeformSubmit은 test_회전슬롯 복사. 가설: 예약하기 버튼이 의도 높은 사람만 걸러 DB당↑·예약당↓(예약 난 소재는 전부 BOOK_TRAVEL). 판정은 DB당이 아니라 예약당 13만, 목 10/9 컷·월 10/13 승격.",,
e878d78854,2026-10-06,신규,훅 고정 시리즈 '일반인도 바뀌나요?' 6세트 생성,"CTR 최고(3.7%) 훅을 사진 위에 박고 2행만 변주(01 디렉팅장면·02 개발자후기·03 별점·04 가격·05 비포애프터·06 소개팅사진). 01~05 PAUSED 대기, 06은 사용자가 챗지피티로 편집한 카페 컷으로 교체 후 20:03 ON(일 3만). 투입 순서: 판정 뒤 빈 자리에 01부터.",,
dd23813014,2026-10-07,ON,ABO ver2 6세트 ACTIVE (사용자 '켜줘'),"10:44 세트·광고 ACTIVE, 심의 통과. ABO 가동 = 니트·별점·제성호·훅06 + ver2 6 = 10세트, 일 30만원. 단 10/4부터 타입폼 완료율이 1/3로 꺼진 상태라 폼 복구 전까지 판정 보류.",,
5272306f9a,2026-10-07,수정,"할인퍼널 DB 급락 원인 조사 — 소재 아님, 타입폼 안 이탈","10/4~10/6 광고비 1.6배(27만→42만/일)에 링크클릭 1.5배(213→322/일)·랜딩뷰 90%+·CPM·CTR 변동 없음인데 타입폼 시작→완료가 21~26%→5~8%(GA4 cta_click→begin_checkout). 전 캠페인·전 기기(iOS 35→5%, Android 17→8%) 동시 하락, 우리 쪽 변경 없음(10/3~4 휴무). 데스크톱·모바일 에뮬레이션 E2E는 정상. 남는 원인은 타입폼 서비스 변경 또는 인스타 인앱 브라우저. 니트 재투입 부진(208클릭·DB 1)도 같은 원인.",,
c183311b98,2026-10-07,수정,할인퍼널 타입폼 질문 변경 (사용자),"전화번호 질문을 맨 뒤(5번, 동의 바로 앞)로 이동, 출생연도를 장문형→숫자 필드로, 2번 제목을 '언제쯤 방문하고 싶으세요?'(예약금 설명은 보조문구)로. Insights에서 전화 질문 Drop-off 72%(988/1,381)·출생연도 29%. 효과는 10/8부터 GA4 시작→완료율로 판정. 질문 변경 시 연결 시트 탭이 새로 생길 수 있어 다음날 아침 fetch_ab_variant 결제 {} 의심.",,
1f2ac1f12d,2026-10-07,신규,결제페이지 예약 전 안내 영상(VSL) 카드 배포,"secret-checkout.html 커밋 80543d8·4dd03bf·2f9f902. 유튜브 일부공개 nzARQRCXvYU(5분 36초) 음소거 자동재생, 위치는 쿠폰 티켓 아래·플랜 선택 위. 모바일은 쿠폰 티켓을 80px로 줄여 영상이 첫 화면에. GA4 vsl_start/unmute/progress/complete/autoplay_blocked. 결제 영향은 2주 뒤 코호트로(1~2일 판정 금지).",,
efced5116a,2026-10-07,수정,CRM 7단계 완성 — 1차 접수안내 승인·배포,"1차 접수안내 템플릿(버튼 '예약 확정하기') 승인 후 FULL 배포. 1차 즉시·2차 예약금 15분·3차 일정 30분·4차 기한 60분·5~7차 T1~T3. 안전장치: 1차는 신청 24h 이내·2~4차 미수신만, 결제여부에 중복·오류·취소·환불·보류 적힌 행 제외(10/6 진우 '중복' 행 오발송 재발 방지).",,
95b80cad50,2026-10-07,수정,사전질의서 리마인더 5일 무발송 복구,reminderScan(dryRun)을 트리거에 직접 걸어 트리거가 넘기는 이벤트 객체가 dryRun으로 잡힘 → 10/3~10/7 전부 미리보기로만 돌고 발송 0(오류율 0·실행 '완료'라 늦게 발견). 인자 없는 래퍼로 분리해 복구. 규칙: 트리거 함수는 인자 없이.,,
b022c322a1,2026-10-07,신규,할인퍼널 결제율 측정 설계 + 결제 경로 분류,"모수=discount50 타입폼 완료자(1인 1회·테스트 제외), 결제=결제 완료+환불. 비포 25.5%(83/325, 7/30~9/26) → 목표 32%, 판정 4주 누적(주 45~60명이라 주 단위 ±10%p). 세그먼트: 방문시기 미정 16%·지방 28%·상담희망 22%. 결제 경로는 광고(자동) vs TM 후로 분리(9/27 이전 22.0%: 자동 21.6·TM 후 23.2 / 이후 32.6%), 부재중은 미연결과 별도. 10/4~ 급락 기간은 비포·애프터 제외. 노션 'da young yoon' 워크스페이스에 발행.",,
888975b78d,2026-10-07,신규,"자체 신청 폼 프로토타입 (타입폼 대체안, 승인 대기)","우리 도메인 안 단계형 폼 6문항 → 완료 즉시 쿠폰·VSL·예약자 정보 자동기입·결제 섹션 한 페이지. 외부 도메인 이동 제거, 질문별·소재별·기기별 이탈 측정 가능. 제안: ABO 1세트만 A/B 이틀 → 확대. 대표 컨펌용 한 장 작성, 10/8 공유 예정. 라이브 반영은 승인 후.",,
